name;email;city
Desiree;burnswesley709bce@warsaw.com;Warsaw
Brittany;rachelmichaelbc4e26@warsaw.com;Warsaw
April;daniel60a2d06e@warsaw.com;Warsaw
Candace;colleen51f04e6c@warsaw.com;Warsaw
Veronica;robert146fc147@warsaw.com;Warsaw
Brian;zhurstf60769@warsaw.com;Warsaw
Brandon;maria2817c1d3@warsaw.com;Warsaw
Tyler;pgraves390b5a@warsaw.com;Warsaw
Victoria;loganjacqueline57dbbf@warsaw.com;Warsaw
Juan;cfrazier49a066@warsaw.com;Warsaw
Amy;brianbenderce6ed4@warsaw.com;Warsaw
Lisa;hvega66cb01@warsaw.com;Warsaw
Elizabeth;linda483d882b@warsaw.com;Warsaw
Mark;dale23aac724@warsaw.com;Warsaw
Heather;hilleric4514d6@warsaw.com;Warsaw
Steven;nunezamber58c4e2@warsaw.com;Warsaw
Vincent;maxwelllori40bd0a@warsaw.com;Warsaw
Stephanie;victor10138e58@warsaw.com;Warsaw
Robin;tiffanyedwardsbc581e@warsaw.com;Warsaw
Mark;nicholas108de838@warsaw.com;Warsaw
Heather;lphillipsdd8203@warsaw.com;Warsaw
Steven;gibsontravisc17c4a@warsaw.com;Warsaw
Tara;bdominguez69d066@warsaw.com;Warsaw
Sherry;richardnelsona4f66b@warsaw.com;Warsaw
Tracy;scott857a48b8@warsaw.com;Warsaw
Sandra;williehill57ce06@warsaw.com;Warsaw
Gabriel;paula73dca24c@warsaw.com;Warsaw
Joshua;rbailey384ffa@warsaw.com;Warsaw
Stephanie;joshua186eed3b@warsaw.com;Warsaw
Rodney;fernando01e86d2b@warsaw.com;Warsaw
Robin;cdaughertybc778c@warsaw.com;Warsaw
Leon;ujimenez309c0e@warsaw.com;Warsaw
Edwin;smoorec755ae@warsaw.com;Warsaw
Kenneth;ronnie634d765c@warsaw.com;Warsaw
Jennifer;patricia6185633b@warsaw.com;Warsaw
Timothy;patrickdraked7fcf8@warsaw.com;Warsaw
Elizabeth;matthew19d6b4d7@warsaw.com;Warsaw
Andrea;zreyes71a663@warsaw.com;Warsaw
Benjamin;vhaley6ab0da@warsaw.com;Warsaw
Angela;victoria4826f061@warsaw.com;Warsaw
Mary;patrick6375d062@warsaw.com;Warsaw
Luis;hallbrianc5132b@warsaw.com;Warsaw
Anthony;uhurstf44fc1@warsaw.com;Warsaw
Eric;rebeccaedwards7b7127@warsaw.com;Warsaw
Christina;meltonbruce385be9@warsaw.com;Warsaw
Kenneth;vroberts357ebd@warsaw.com;Warsaw
John;oliverpatricia4c4d0e@warsaw.com;Warsaw
Joseph;scox440d99@warsaw.com;Warsaw
Henry;daniellee9958a0@warsaw.com;Warsaw
Kristen;william48107d29@warsaw.com;Warsaw
Derek;woodsbrandiaede2e@warsaw.com;Warsaw
David;jamesperezc9d060@warsaw.com;Warsaw
Joseph;rroberson0418cd@warsaw.com;Warsaw
Nancy;wjennings8c1308@warsaw.com;Warsaw
Heidi;pmartinez3fea30@warsaw.com;Warsaw
John;amyblackd61c69@warsaw.com;Warsaw
Christopher;wagnerjennifer553de2@warsaw.com;Warsaw
Timothy;bstevenson8e99a1@warsaw.com;Warsaw
Norman;madisonbryan2bc31b@warsaw.com;Warsaw
Donna;jsmith39ce7e@warsaw.com;Warsaw
Bobby;vazqueznicholasff463a@warsaw.com;Warsaw
Breanna;jessica0745470c@warsaw.com;Warsaw
Stephanie;todd712f7013@warsaw.com;Warsaw
Jeremiah;kim98cfa7b3@warsaw.com;Warsaw
Alexander;garciamargaret6b229b@warsaw.com;Warsaw
Sydney;frodriguez600a21@warsaw.com;Warsaw
Michael;lauren184f32a6@warsaw.com;Warsaw
Kathryn;edward901dbf44@warsaw.com;Warsaw
Andrew;tylermortonb234a4@warsaw.com;Warsaw
Laurie;elliotthunter836ba0@warsaw.com;Warsaw
Jon;brandonwebbd91e4a@warsaw.com;Warsaw
Brendan;jenniferwalters4a73fc@warsaw.com;Warsaw
Joshua;melissachavez144210@warsaw.com;Warsaw
Thomas;brendagilbertab09eb@warsaw.com;Warsaw
Michael;jasonnicholsd4b27b@warsaw.com;Warsaw
Tonya;april973a220e@warsaw.com;Warsaw
Victoria;nicole030bf77c@warsaw.com;Warsaw
John;wreidbadd8c@warsaw.com;Warsaw
Melissa;dean93e91c6a@warsaw.com;Warsaw
Jose;pbaker0920e3@warsaw.com;Warsaw
Taylor;james82845297@warsaw.com;Warsaw
Michael;mullinsjerry8fa660@warsaw.com;Warsaw
Patrick;tiffany3006ec35@warsaw.com;Warsaw
Deanna;stephanie4213b013@warsaw.com;Warsaw
Cathy;wsolomon6fa5c9@warsaw.com;Warsaw
Peggy;hcosta35d1ed@warsaw.com;Warsaw
Jason;sharonpowell7a2cb1@warsaw.com;Warsaw
Diana;tashairwin389ed9@warsaw.com;Warsaw
William;paige2335fdbb@warsaw.com;Warsaw
Roberta;christophercarteref0b0b@warsaw.com;Warsaw
Daniel;xwalsh899ad7@warsaw.com;Warsaw
James;petermanninga67092@warsaw.com;Warsaw
Nicholas;perkinsemily48fb86@warsaw.com;Warsaw
George;kimzachary830f44@warsaw.com;Warsaw
Amanda;yrodriguezce53d1@warsaw.com;Warsaw
Shannon;brandi17f2ec32@warsaw.com;Warsaw
Shelby;michaelmartinez316811@warsaw.com;Warsaw
Barbara;loganchristopher6b33bd@warsaw.com;Warsaw
Jesse;angelford6f8f36@warsaw.com;Warsaw
Roy;sheppardclifford3688a2@warsaw.com;Warsaw
